a_F,c_0,c_m,c_H2,c_HF,w_rec,w_F,J,B,n_flux,n_flux_pred,n_conc,n_conc_pred,err_analytical
1.000000000000000056e-01,1.000000000000000021e-03,9.794516416486978225e-04,2.398313795820822296e-07,3.917806566594791588e-05,4.796627591641646709e-07,1.958903283297396133e-05,2.054835835130228982e-05,2.041958903283297388e+01,1.051208610188800963e+00,1.046686236531763070e+00,1.013314999314872678e+00,1.012095063893282187e+00,2.220446049250313081e-16
1.000000000000000056e-01,1.211527658628588954e-03,1.186392286246787430e-03,3.518816642164697511e-07,4.745569144987149286e-05,7.037633284329397139e-07,2.372784572493575998e-05,2.513537238180163920e-05,1.685783044263632746e+01,1.056285417753848321e+00,1.055997843814916015e+00,1.014698900638766332e+00,1.014613191359258870e+00,1.110223024625156540e-16
1.000000000000000056e-01,1.467799267622069137e-03,1.436994426118992337e-03,5.162382451742629027e-07,5.747977704475969619e-05,1.032476490348526229e-06,2.873988852237984132e-05,3.080484150307689504e-05,1.391793846689831504e+01,1.067364922283950079e+00,1.067033390854836838e+00,1.017747948518302081e+00,1.017645474716317722e+00,2.220446049250313081e-16
1.000000000000000056e-01,1.778279410038922752e-03,1.740441444721977250e-03,7.572841056264807917e-07,6.961765778887909215e-05,1.514568211252962007e-06,3.480882889443954607e-05,3.783796531694546839e-05,1.149133747685194251e+01,1.080433827139099634e+00,1.080055478594916574e+00,1.021414472333898260e+00,1.021292293190011469e+00,1.110223024625156540e-16
1.000000000000000056e-01,2.154434690031884272e-03,2.107835021132911570e-03,1.110742119078595356e-06,8.431340084531647040e-05,2.221484238157190712e-06,4.215670042265822165e-05,4.659966889897260053e-05,9.488408627564442810e+00,1.095769903035233028e+00,1.095343348596460542e+00,1.025816734348254045e+00,1.025671545481504854e+00,5.551115123125782702e-16
1.000000000000000056e-01,2.610157215682535736e-03,2.552589707322165322e-03,1.628928553481764078e-06,1.021035882928866085e-04,3.257857106963529850e-06,5.105179414644330426e-05,5.756750836037036651e-05,7.835180069334882980e+00,1.113657824069523627e+00,1.113183884442921157e+00,1.031092611116008584e+00,1.030920770824658383e+00,2.220446049250313081e-16
1.000000000000000056e-01,3.162277660168379394e-03,3.090905844342927734e-03,2.388424734648314375e-06,1.236362337737171202e-04,4.776849469296638914e-06,6.181811688685853300e-05,7.137181582545180914e-05,6.470595031745983050e+00,1.134375607579794831e+00,1.133858145937578055e+00,1.037401490125187564e+00,1.037199087107477657e+00,1.110223024625156540e-15
1.000000000000000056e-01,3.831186849557285078e-03,3.742335076210441449e-03,3.501267955658744039e-06,1.496934030484176439e-04,7.002535911317521960e-06,7.484670152420888969e-05,8.885177334684392684e-05,5.344256885797714851e+00,1.158176113996603362e+00,1.157622873411479514e+00,1.044925707777679236e+00,1.044688687899671065e+00,2.220446049250313081e-15
1.000000000000000056e-01,4.641588833612777208e-03,4.530454719264190473e-03,5.131254990825754522e-06,1.812181887705676168e-04,1.026250998165166490e-05,9.060909438528383548e-05,1.111341143485871687e-04,4.414567905282615001e+00,1.185263647548325139e+00,1.184686944091027039e+00,1.053871159506929445e+00,1.053595532335776630e+00,7.549516567451064475e-15
1.000000000000000056e-01,5.623413251903490971e-03,5.483669238806721836e-03,7.517657080158596107e-06,2.193467695522688702e-04,1.503531416031790033e-05,1.096733847761344216e-04,1.397440130967702188e-04,3.647192988676983383e+00,1.215766594090876396e+00,1.215183660854310954e+00,1.064466587753113203e+00,1.064148734929565299e+00,2.320366121466577169e-14
1.000000000000000056e-01,6.812920690579608342e-03,6.636158907387754852e-03,1.100965126102464605e-05,2.654463562955102049e-04,2.201930252205255148e-05,1.327231781477550753e-04,1.767617831918601851e-04,3.013791604316973238e+00,1.249708238515552239e+00,1.249140986523681329e+00,1.076960922750267002e+00,1.076598027787475376e+00,7.294165271787278471e-14
1.000000000000000056e-01,8.254041852680181826e-03,8.028997115682895078e-03,1.611619867090734466e-05,3.211598846273157966e-04,3.223239734182955645e-05,1.605799423136579796e-04,2.250447369973171061e-04,2.490971127755141179e+00,1.286979252836434995e+00,1.286453242780912776e+00,1.091617939293385575e+00,1.091208549213997125e+00,2.272626531407695438e-13
1.000000000000000056e-01,1.000000000000000021e-02,9.711458407451382599e-03,2.357810609989762605e-05,3.884583362980552671e-04,4.715621219986289276e-05,1.942291681490277691e-04,2.885415925487535681e-04,2.059422916813412829e+00,1.327316497490937053e+00,1.326859027728524820e+00,1.108707441705739427e+00,1.108252151730162449e+00,7.035483307049616997e-13
1.000000000000000056e-01,1.211527658628588217e-02,1.174253860145061876e-02,3.447180320156282554e-05,4.697015440580247546e-04,6.894360640343220924e-05,2.348507720290125399e-04,3.727379848358769584e-04,1.703209218957546511e+00,1.370293256602479914e+00,1.369930670917745452e+00,1.128492260439944772e+00,1.127994480864384030e+00,2.173372593006206444e-12
1.000000000000000056e-01,1.467799267622068964e-02,1.419270566865204336e-02,5.035822354890126800e-05,5.677082267460817561e-04,1.007164470991853003e-04,2.838541133730408238e-04,4.852870075714114245e-04,1.409174576489488517e+00,1.415325358586411397e+00,1.415079923953515673e+00,1.151210613901881175e+00,1.150677332899443517e+00,6.679101716144941747e-12
1.000000000000000056e-01,1.778279410038922925e-02,1.714589451155666688e-02,7.349542465035726376e-05,6.858357804622666276e-04,1.469908493007145275e-04,3.429178902311334765e-04,6.368995888325625857e-04,1.166459993470717826e+00,1.461695572294921419e+00,1.461582490797800338e+00,1.177053934540257529e+00,1.176496336749639493e+00,1.110223024625156540e-16
1.000000000000000056e-01,2.154434690031883232e-02,2.070174947923323489e-02,1.071406078752333655e-04,8.280699791693294561e-04,2.142812157504667852e-04,4.140349895846648365e-04,8.425974210855984069e-04,9.661019239008189485e-01,1.508595428714610165e+00,1.508620630417757180e+00,1.206141122800353571e+00,1.205574874183316547e+00,1.110223024625156540e-16
1.000000000000000056e-01,2.610157215682535822e-02,2.497810437140823153e-02,1.559764244972407427e-04,9.991241748563293914e-04,3.119528489944814855e-04,4.995620874281643704e-04,1.123467785417127341e-03,8.007012743086082684e-01,1.555179949628389124e+00,1.555339197160260145e+00,1.238491337938352643e+00,1.237936325112489522e+00,2.220446049250313081e-16
1.000000000000000056e-01,3.162277660168379134e-02,3.011367007481285593e-02,2.267082813436697953e-04,1.204546802992514194e-03,4.534165626873396990e-04,6.022734014962572054e-04,1.509106526870936712e-03,6.641501999030018366e-01,1.600627764044737944e+00,1.600907297945994845e+00,1.273998689546807839e+00,1.273478034601454922e+00,1.110223024625156540e-16
1.000000000000000056e-01,3.831186849557287333e-02,3.627087465429901930e-02,3.288940870469678180e-04,1.450834986171960954e-03,6.577881740939354191e-04,7.254174930859803687e-04,2.040993841273851424e-03,5.514066090388447527e-01,1.644197777292514928e+00,1.644576343928003448e+00,1.312413225947885564e+00,1.311951507736919931e+00,2.220446049250313081e-16
1.000000000000000056e-01,4.641588833612777382e-02,4.363877062226032000e-02,4.760855753555625161e-04,1.745550824890412713e-03,9.521711507111252490e-04,8.727754124452065734e-04,2.777117713867457288e-03,4.583080530182928602e-01,1.685274398627067072e+00,1.685726172827666902e+00,1.353332973959791019e+00,1.352953773340119792e+00,1.110223024625156540e-16
1.000000000000000056e-01,5.623413251903491145e-02,5.243589191927901932e-02,6.873806903425776129e-04,2.097435676771160738e-03,1.374761380685155659e-03,1.048717838385580803e-03,3.798240599755892122e-03,3.814181330373563328e-01,1.723396026805245285e+00,1.723893784281864461e+00,1.396211037466574822e+00,1.395934147151281390e+00,3.330669073875469621e-16
1.000000000000000056e-01,6.812920690579611638e-02,6.291291389337359818e-02,9.895086836387602391e-04,2.516516555734944500e-03,1.979017367277520478e-03,1.258258277867471166e-03,5.216293012422512122e-03,3.178997563822348882e-01,1.758265111002467407e+00,1.758783052472138619e+00,1.440379715046534059e+00,1.440218537145723232e+00,2.220446049250313081e-16
1.000000000000000056e-01,8.254041852680181479e-02,7.535495088604300673e-02,1.419592155759488109e-03,3.014198035441720356e-03,2.839184311518977086e-03,1.507099017720859961e-03,7.185467640758814133e-03,2.654105638028400604e-01,1.789741524622657565e+00,1.790257350938163183e+00,1.485090498672436254e+00,1.485050205714511629e+00,2.220446049250313081e-16
1.000000000000000056e-01,1.000000000000000056e-01,9.008332754709992563e-02,2.028751475489521533e-03,3.603333101883996695e-03,4.057502950979050005e-03,1.801666550941999866e-03,9.916672452900100743e-03,2.220166655094198971e-01,1.817823357351228353e+00,1.818319445408816737e+00,1.529565411085327398e+00,1.529642316188538853e+00,4.440892098500626162e-16
1.000000000000000056e-01,1.211527658628587661e-01,1.074566914876369239e-01,2.886735136367277361e-03,4.298267659505476852e-03,5.773470272734627581e-03,2.149133829752739727e-03,1.369607437522199489e-02,1.861214943724646409e-01,1.842620210337560849e+00,1.843083954505912558e+00,1.573052467958659051e+00,1.573234759638997060e+00,4.996003610813204432e-15
1.000000000000000056e-01,1.467799267622069137e-01,1.278714029976636413e-01,4.087773926147497509e-03,5.114856119906546587e-03,8.175547852295907483e-03,2.557428059953271993e-03,1.890852376454508696e-02,1.564071366321389267e-01,1.864323828634670832e+00,1.864747344012723129e+00,1.614877030743461006e+00,1.615146677963700483e+00,4.451994328746877727e-14
1.000000000000000056e-01,1.778279410038922925e-01,1.517612416906140294e-01,5.757868619866496861e-03,6.070449667624561001e-03,1.151573723974397105e-02,3.035224833812280934e-03,2.606669931330022477e-02,1.317859538917268147e-01,1.883179867717641898e+00,1.883559295431639358e+00,1.654481820346990872e+00,1.654817175570841181e+00,3.672617765460017836e-13
1.000000000000000056e-01,2.154434690031882260e-01,1.795965987468240432e-01,8.063734570356929574e-03,7.183863949872961938e-03,1.612746914071385915e-02,3.591931974936481836e-03,3.584687025636419666e-02,1.113606835516626620e-01,1.899463257502093327e+00,1.899797891719744225e+00,1.691451034436640910e+00,1.691829552520364821e+00,0.000000000000000000e+00
1.000000000000000056e-01,2.610157215682535892e-01,2.118834542834830692e-01,1.122364954977521367e-02,8.475338171339323601e-03,2.244729909955043429e-02,4.237669085669661800e-03,4.913226728477053384e-02,9.439151380476175357e-02,1.913458372827733456e+00,1.913749775455951596e+00,1.725517438795780123e+00,1.725918003141410084e+00,1.110223024625156540e-16
1.000000000000000056e-01,3.162277660168379412e-01,2.491625425538577798e-01,1.552049315297574818e-02,9.966501702154311262e-03,3.104098630595148942e-02,4.983250851077158233e-03,6.706522346298013360e-02,8.026888710881134592e-02,1.925444248108916234e+00,1.925695455949268720e+00,1.756554435615562682e+00,1.756958980267596893e+00,4.440892098500626162e-16
1.000000000000000056e-01,3.831186849557284835e-01,2.920091551570521138e-01,2.131733667388383338e-02,1.168036620628208622e-02,4.263467334776766676e-02,5.840183103141039639e-03,9.110952979867636969e-02,6.849100326749459067e-02,1.935684440735156109e+00,1.935899316832761397e+00,1.784557184533472451e+00,1.784951529039046969e+00,2.220446049250313081e-16
1.000000000000000056e-01,4.641588833612777520e-01,3.410340083458931471e-01,2.907604871211667830e-02,1.364136033383572810e-02,5.815209742423335659e-02,6.820680166917857112e-03,1.231248750153845772e-01,5.864517763787070043e-02,1.944420814308687184e+00,1.944603556624397989e+00,1.809617600638479651e+00,1.809991595894369310e+00,2.220446049250313081e-16
1.000000000000000056e-01,5.623413251903490728e-01,3.968855083142243667e-01,3.937952667746005830e-02,1.587542033256897356e-02,7.875905335492014436e-02,7.937710166284493718e-03,1.654558168761247894e-01,5.039236651635439074e-02,1.951870400894225810e+00,1.952025197323661754e+00,1.831897668188562811e+00,1.832244849958226673e+00,2.220446049250313081e-16
1.000000000000000056e-01,6.812920690579608030e-01,4.602536106905044666e-01,5.295834653841155482e-02,1.841014442762018213e-02,1.059166930768233317e-01,9.205072213810082393e-03,2.210384583674567527e-01,4.345430331332886947e-02,1.958224530040083344e+00,1.958355336524708168e+00,1.851604430960462899e+00,1.851921396882936222e+00,7.771561172376095783e-16
1.000000000000000056e-01,8.254041852680181757e-01,5.318753213643290234e-01,7.072283936910063462e-02,2.127501285457316163e-02,1.414456787382069869e-01,1.063750642728657908e-02,2.935288639037005320e-01,3.760279749151926310e-02,1.963649516043314947e+00,1.963759930502860351e+00,1.868968717715776329e+00,1.869254409833659203e+00,1.021405182655144017e-14
1.000000000000000056e-01,1.000000000000000000e+00,6.125417586887892396e-01,9.380185153435872947e-02,2.450167034755157056e-02,1.876037030688374740e-01,1.225083517377578701e-02,3.874582413114507351e-01,3.265083517376143191e-02,1.968288328244739649e+00,1.968381534143370803e+00,1.884228481651326170e+00,1.884483500097605901e+00,1.454392162258955068e-13
1.000000000000000056e-01,1.211527658628587689e+00,7.031066146998736777e-01,1.235897279086791423e-01,2.812426458799494738e-02,2.471794558173583400e-01,1.406213229399747022e-02,5.084210439287141226e-01,2.844518822872565619e-02,1.972262804204689690e+00,1.972341561267143328e+00,1.897616755876773365e+00,1.897842773259347249e+00,1.110223024625156540e-16
1.000000000000000056e-01,1.467799267622069026e+00,8.044958225958989129e-01,1.618033821435630182e-01,3.217983290383596290e-02,3.236067642871260364e-01,1.608991645191797104e-02,6.633034450261700021e-01,2.486029067927933781e-02,1.975676087246498902e+00,1.975742751567823863e+00,1.909353690652145552e+00,1.909552992839232521e+00,2.220446049250313081e-16
1.000000000000000056e-01,1.778279410038922759e+00,9.177182530313614528e-01,2.105516979867334826e-01,3.670873012125445978e-02,4.211033959734669652e-01,1.835436506062723683e-02,8.605611570075611949e-01,2.179318100510369005e-02,1.978615071569283179e+00,1.978671631979705747e+00,1.919641892061918931e+00,1.919817042780427974e+00,0.000000000000000000e+00
1.000000000000000056e-01,2.154434690031882038e+00,1.043877308551702354e+00,2.724199588272864236e-01,4.175509234206809667e-02,5.448399176545730693e-01,2.087754617103404486e-02,1.110557381480180128e+00,1.915933973864076059e-02,1.981152718193962325e+00,1.981200839759213794e+00,1.928664240930165752e+00,1.928817852810737365e+00,2.220446049250313081e-16
1.000000000000000056e-01,2.610157215682535892e+00,1.184183347717281842e+00,3.505725502527271553e-01,4.736733390869127258e-02,7.011451005054545327e-01,2.368366695434565017e-02,1.425973867965254716e+00,1.688927651157522830e-02,1.983350164759527301e+00,1.983391233537722620e+00,1.936583450562445075e+00,1.936718040033943655e+00,1.110223024625156540e-16
1.000000000000000056e-01,3.162277660168379523e+00,1.339966934885156835e+00,4.488778466463798633e-01,5.359867739540627452e-02,8.977556932927623912e-01,2.679933869770315114e-02,1.822310725283228017e+00,1.492574143384672522e-02,1.985258594556801981e+00,1.985293760100359517e+00,1.943542755992710092e+00,1.943660659952993752e+00,4.440892098500626162e-16
1.000000000000000056e-01,3.831186849557285168e+00,1.512692969671215915e+00,5.720600051231612415e-01,6.050771878684864380e-02,1.144120010246399755e+00,3.025385939342431496e-02,2.318493879886224018e+00,1.322145365979080639e-02,1.986920858366018727e+00,1.986951072135282548e+00,1.949667272258130968e+00,1.949770607691881485e+00,1.265654248072678456e-14
1.000000000000000056e-01,4.641588833612777520e+00,1.703975797883251042e+00,7.258833799429653677e-01,6.815903191533004279e-02,1.451766759885931179e+00,3.407951595766503528e-02,2.937613035729527589e+00,1.173725590753391633e-02,1.988372860116706331e+00,1.988398909065570042e+00,1.955065690498640762e+00,1.955156342314215756e+00,4.440892098500626162e-16
1.000000000000000056e-01,5.623413251903491172e+00,1.915595442752870081e+00,9.173764750738909735e-01,7.662381771011481102e-02,1.834752950147782391e+00,3.831190885505739163e-02,3.707817809150621979e+00,1.044061786410304185e-02,1.989644727030850824e+00,1.989667262301695105e+00,1.959832088164754849e+00,1.959911714425623952e+00,2.220446049250313081e-16
1.000000000000000056e-01,6.812920690579607808e+00,2.149515123209418288e+00,1.155103816226500157e+00,8.598060492837673874e-02,2.310207632453000315e+00,4.299030246418836243e-02,4.663405567370189075e+00,9.304423953127721747e-03,1.990761789232087686e+00,1.990781350272215144e+00,1.964047711539444574e+00,1.964117758535390168e+00,0.000000000000000000e+00
1.000000000000000056e-01,8.254041852680181535e+00,2.407900247212056755e+00,1.449495900130971071e+00,9.631600988848226796e-02,2.898991800261942142e+00,4.815800494424116174e-02,5.846141605468125668e+00,8.305991921034372449e-03,1.991745394682784109e+00,1.991762429274857249e+00,1.967782647804812157e+00,1.967844369930165982e+00,0.000000000000000000e+00
1.000000000000000056e-01,1.000000000000000000e+01,2.693139085334884442e+00,1.813249533239604361e+00,1.077255634133953699e-01,3.626499066479209610e+00,5.386278170669772658e-02,7.306860914665117335e+00,7.426278170669773152e-03,1.992613584136252669e+00,1.992628464899531160e+00,1.971097344350308589e+00,1.971151825588892459e+00,3.330669073875469621e-16
1.000000000000000056e-01,1.211527658628587645e+01,3.007865345104312027e+00,2.261813483569869554e+00,1.203146138041724794e-01,4.523626967139742661e+00,6.015730690208628828e-02,9.107411241181571526e+00,6.649233827090226222e-03,1.993381648540154316e+00,1.993394686447223174e+00,1.974043959416547089e+00,1.974092134513949492e+00,2.220446049250313081e-16
1.000000000000000056e-01,1.467799267622067561e+01,3.354982881750032231e+00,2.813977534208910836e+00,1.341993152700012848e-01,5.627955068417928253e+00,6.709965763500069791e-02,1.132300979447085787e+01,5.961282279201196056e-03,1.994062588609027742e+00,1.994074044017186242e+00,1.976667544465499304e+00,1.976710218724804680e+00,4.218847493575594854e-15
1.000000000000000056e-01,1.778279410038922848e+01,3.737692797318564963e+00,3.492586861781072916e+00,1.495077118927426174e-01,6.985173723564932935e+00,7.475385594637129483e-02,1.404510130307623683e+01,5.350894544983495101e-03,1.994667493495040134e+00,1.994677585135680165e+00,1.979007068004840164e+00,1.979044935188034593e+00,8.792966355031239800e-14
1.000000000000000056e-01,2.154434690031882127e+01,4.159523198391760879e+00,4.325408309489806591e+00,1.663809279356704696e-01,8.650816618979609629e+00,8.319046396783519315e-02,1.738482370192705417e+01,4.808243408218712545e-03,1.995205852878513042e+00,1.995214765165630455e+00,1.981096295299094479e+00,1.981129953474403127e+00,2.220446049250313081e-16
1.000000000000000056e-01,2.610157215682533050e+01,4.624361903569452537e+00,5.346180753796121898e+00,1.849744761427780937e-01,1.069236150759224735e+01,9.248723807138908848e-02,2.147721025325588329e+01,4.324921019819492202e-03,1.995685814389497992e+00,1.995693703372980243e+00,1.982964540251126451e+00,1.982994505601429092e+00,1.110223024625156540e-16
1.000000000000000056e-01,3.162277660168379256e+01,5.136492415799723155e+00,6.595888584392018750e+00,2.054596966319889584e-01,1.319177716878403750e+01,1.027298483159944653e-01,2.648628418588407030e+01,3.893707686295904379e-03,1.996114396249591749e+00,1.996121394469868804e+00,1.984637305748302438e+00,1.984664024477885924e+00,2.220446049250313081e-16
1.000000000000000056e-01,3.831186849557285257e+01,5.700633501952345306e+00,8.124305580895365253e+00,2.280253400780938300e-01,1.624861116179073051e+01,1.140126700390469150e-01,3.261123499362050637e+01,3.508382005815744581e-03,1.996497663263253841e+00,1.996503883705681659e+00,1.986136827833377083e+00,1.986160686372353101e+00,0.000000000000000000e+00
1.000000000000000056e-01,4.641588833612772902e+01,6.321982752914978576e+00,9.991866482038611608e+00,2.528793101165991430e-01,1.998373296407723032e+01,1.264396550582995715e-01,4.009390558321275932e+01,3.163564467299167030e-03,1.996840872778989251e+00,1.996846412111290325e+00,1.987482537667270677e+00,1.987503871364918462e+00,2.220446049250313081e-16
1.000000000000000056e-01,5.623413251903490817e+01,7.006264532268345668e+00,1.227193567403029917e+01,2.802505812907338245e-01,2.454387134806078308e+01,1.401252906453669400e-01,4.922786798676693110e+01,2.854588191451677345e-03,1.997148596062537251e+00,1.997153537287395197e+00,1.988691453597363434e+00,1.988710554109897055e+00,1.776356839400250465e-15
1.000000000000000056e-01,6.812920690579608163e+01,7.759782760496261922e+00,1.505355712252247535e+01,3.103913104198505191e-01,3.010711424505003819e+01,1.551956552099251763e-01,6.036942414530999912e+01,2.577391741147047437e-03,1.997424819492387371e+00,1.997429234129575626e+00,1.989778514058192727e+00,1.989795635613386349e+00,3.974598428158060415e-14
1.000000000000000056e-01,8.254041852680173008e+01,8.589479025021253378e+00,1.844478748032001647e+01,3.435791610008501751e-01,3.688957496064003294e+01,1.717895805004250320e-01,7.395093950178049624e+01,2.328429924764908229e-03,1.997673029184845461e+00,1.997676979066691949e+00,1.990756860498368752e+00,1.990772225208791824e+00,2.220446049250313081e-16
1.000000000000000056e-01,1.000000000000000000e+02,9.502996554478583491e+00,2.257673587860796260e+01,3.801198621791433974e-01,4.515347175721591100e+01,1.900599310895716432e-01,9.049700344552140052e+01,2.104599310895716689e-03,1.997790268151423465e+00,1.997899820724959419e+00,1.991219330379583763e+00,1.991651880542248954e+00,2.220446049250313081e-16
1.000000000000000000e+00,1.000000000000000021e-03,8.327554319920730998e-04,1.733704023780760668e-07,3.331021727968292508e-04,3.467408047561521335e-07,1.665510863984145983e-04,1.672445680079268939e-04,2.401665510863983855e+02,1.004568699300960599e+00,1.004146512007968006e+00,1.001146113967854800e+00,1.001039861851733104e+00,2.220446049250313081e-16
1.000000000000000000e+00,1.211527658628588954e-03,1.008758387619996004e-03,2.543983711484235404e-07,4.035033550479984231e-04,5.087967422968470807e-07,2.017516775239991574e-04,2.027692710085928418e-04,1.982635311433374454e+02,1.005048814281472858e+00,1.005018479770293016e+00,1.001267059700769124e+00,1.001259359997074938e+00,0.000000000000000000e+00
1.000000000000000000e+00,1.467799267622069137e-03,1.221921812255669136e-03,3.732732288165446481e-07,4.887687249022676546e-04,7.465464576330895079e-07,2.443843624511338273e-04,2.458774553664000006e-04,1.636765937018504644e+02,1.006109083137257443e+00,1.006072508408878852e+00,1.001534386290039436e+00,1.001525072865570021e+00,1.110223024625156540e-16
1.000000000000000000e+00,1.778279410038922752e-03,1.480073992513007697e-03,5.476547558283487247e-07,5.920295970052030787e-04,1.095309511656697449e-06,2.960147985026015394e-04,2.982054175259149465e-04,1.351283793997496900e+02,1.007390060838275758e+00,1.007346006794537896e+00,1.001857937507171670e+00,1.001846675969297884e+00,0.000000000000000000e+00
1.000000000000000000e+00,2.154434690031884272e-03,1.792684144657814057e-03,8.034291106268793857e-07,7.170736578631255577e-04,1.606858221253759618e-06,3.585368289315629415e-04,3.617505453740704866e-04,1.115645500608674325e+02,1.008936789528025457e+00,1.008883791561901777e+00,1.002249456541399297e+00,1.002235844976024248e+00,2.220446049250313081e-16
1.000000000000000000e+00,2.610157215682535736e-03,2.171202579202168113e-03,1.178530159983536595e-06,8.684810316808671800e-04,2.357060319967074037e-06,4.342405158404337526e-04,4.389546364803678939e-04,9.211485004475822791e+01,1.010803089079136186e+00,1.010739425553704107e+00,1.002723101187608989e+00,1.002706657347236074e+00,2.220446049250313081e-16
1.000000000000000000e+00,3.162277660168379394e-03,2.629469624717556062e-03,1.728527626828070948e-06,1.051787849887022295e-03,3.457055253656143591e-06,5.258939249435114725e-04,5.328080354508237665e-04,7.606096610508782874e+01,1.013053077496802956e+00,1.012976738425992451e+00,1.003295922680095487e+00,1.003276069125579317e+00,2.220446049250313081e-16
1.000000000000000000e+00,3.831186849557285078e-03,3.184206399303267723e-03,2.534792598340969198e-06,1.273682559721307003e-03,5.069585196681943479e-06,6.368412798606537181e-04,6.469804502540175712e-04,6.280999876256818482e+01,1.015762866466644709e+00,1.015671525143275966e+00,1.003988431297194950e+00,1.003964478352454393e+00,5.551115123125782702e-16
1.000000000000000000e+00,4.641588833612777208e-03,3.855602634945151218e-03,3.716417919648993677e-06,1.542241053978060271e-03,7.432835839298005988e-06,7.711205269890306774e-04,7.859861986676266402e-04,5.187256544211927434e+01,1.019022408591336415e+00,1.018913400392774893e+00,1.004825260618215310e+00,1.004796387090302057e+00,1.443289932012703503e-15
1.000000000000000000e+00,5.623413251903490971e-03,4.668019041774269622e-03,5.447600443591774661e-06,1.867207616709707892e-03,1.089520088718362047e-05,9.336038083548538376e-04,9.553942101292211327e-04,4.284472668388713856e+01,1.022937445338158113e+00,1.022807759920818516e+00,1.005835942037865749e+00,1.005801173814927063e+00,3.219646771412953967e-15
1.000000000000000000e+00,6.812920690579608342e-03,5.650824064971951902e-03,7.982953153316449233e-06,2.260329625988780934e-03,1.596590630663323728e-05,1.130164812994390033e-03,1.162096625607656440e-03,3.539306793140984553e+01,1.027631464762666980e+00,1.027477760376913185e+00,1.007055799679639208e+00,1.007013986576045905e+00,1.065814103640150279e-14
1.000000000000000000e+00,8.254041852680181826e-03,6.839387196217005041e-03,1.169430430494388390e-05,2.735754878486801930e-03,2.338860860988933990e-05,1.367877439243401182e-03,1.414654656463179821e-03,2.924238594221088761e+01,1.033247522474702862e+00,1.033066174140852000e+00,1.008526972546905043e+00,1.008476764154987881e+00,3.363975764614224317e-14
1.000000000000000000e+00,1.000000000000000021e-02,8.276253029821975526e-03,1.712409105340756147e-05,3.310501211928790037e-03,3.424818210682230578e-05,1.655250605964395452e-03,1.723746970178040077e-03,2.416552506059388961e+01,1.039949705327121166e+00,1.039736901876364028e+00,1.010299564716381937e+00,1.010239386594371958e+00,1.036948304999896209e-13
1.000000000000000000e+00,1.211527658628588217e-02,1.001252166351955519e-02,2.506264751560392185e-05,4.005008665407821730e-03,5.012529503124055951e-05,2.002504332703911732e-03,2.102754922766392892e-03,1.997498799214899634e+01,1.047923923870609286e+00,1.047675831822850290e+00,1.012432914444145737e+00,1.012360946770255010e+00,3.210764987215952715e-13
1.000000000000000000e+00,1.467799267622068964e-02,1.210946135166121769e-02,3.665976355680700431e-05,4.843784540664487423e-03,7.331952711376270694e-05,2.421892270332242844e-03,2.568531324559768150e-03,1.651601125696317141e+01,1.057377609380671046e+00,1.057090623277743502e+00,1.014996957752678952e+00,1.014911119655617089e+00,9.940936962493651663e-13
1.000000000000000000e+00,1.778279410038922925e-02,1.464037786366582244e-02,5.358516599756075197e-05,5.856151145466328631e-03,1.071703319957947393e-04,2.928075572733165183e-03,3.142416236724754688e-03,1.366084959430777879e+01,1.068537773614011144e+00,1.068208871086724798e+00,1.018073639689431431e+00,1.017971583856553064e+00,3.065880882502369786e-12
1.000000000000000000e+00,2.154434690031883232e-02,1.769276092594922190e-02,7.825844729494101722e-05,7.077104370379689452e-03,1.565168945929135179e-04,3.538552185189842991e-03,3.851585974375669810e-03,1.130405824365893963e+01,1.081646784419639573e+00,1.081273997586557511e+00,1.021758295203971656e+00,1.021637419054660212e+00,9.406919687648951367e-12
1.000000000000000000e+00,2.610157215682535822e-02,2.137072038906480745e-02,1.141769224868975516e-04,8.548288155625922979e-03,2.283538449737951574e-04,4.274144077812961490e-03,4.730851767760551642e-03,9.358598884777794780e+00,1.096955152730595628e+00,1.096538152613431460e+00,1.026160879972572104e+00,1.026018361573616922e+00,1.110223024625156540e-16
1.000000000000000000e+00,3.162277660168379134e-02,2.579771220553674430e-02,1.663804887599248559e-04,1.031908488221469807e-02,3.327609775198498202e-04,5.159542441107348165e-03,5.825064396147047914e-03,7.752625442386151811e+00,1.114710668046921427e+00,1.114251433079418874e+00,1.031406879018764045e+00,1.031239747730271938e+00,2.220446049250313081e-16
1.000000000000000000e+00,3.831186849557287333e-02,3.111953582152159059e-02,2.421063774367413553e-04,1.244781432860863658e-02,4.842127548734827106e-04,6.223907164304317424e-03,7.192332674051282737e-03,6.426831079584560236e+00,1.135143427002622829e+00,1.134646929394809600e+00,1.037637659092842668e+00,1.037442912216906876e+00,2.220446049250313081e-16
1.000000000000000000e+00,4.641588833612777382e-02,3.750755943449625429e-02,3.517042536830672209e-04,1.500302377379850172e-02,7.034085073661344419e-04,7.501511886899250858e-03,8.908328901631519525e-03,5.332258430444746011e+00,1.158446741343766462e+00,1.157921539524053411e+00,1.045009964683440984e+00,1.044784741357823954e+00,0.000000000000000000e+00
1.000000000000000000e+00,5.623413251903491145e-02,4.516209786303698737e-02,5.099037708476324973e-04,1.806483914521479425e-02,1.019807541695264995e-03,9.032419572607398861e-03,1.107203465599792928e-02,4.428492241581418298e+00,1.184754631874870512e+00,1.184213213448138236e+00,1.053694197824592393e+00,1.053436018933205487e+00,0.000000000000000000e+00
1.000000000000000000e+00,6.812920690579611638e-02,5.431583115938446588e-02,7.375523786336899822e-04,2.172633246375378635e-02,1.475104757267380398e-03,1.086316623187689318e-02,1.381337574641165397e-02,3.682167716685023962e+00,1.214117592363866294e+00,1.213576287845579360e+00,1.063871086276208189e+00,1.063578162991165588e+00,2.220446049250313081e-16
1.000000000000000000e+00,8.254041852680181479e-02,6.523711451391661642e-02,1.063970277525467687e-03,2.609484580556664657e-02,2.127940555050934508e-03,1.304742290278332328e-02,1.730330401288519143e-02,3.065739517914075396e+00,1.246479408216918827e+00,1.245957714603676658e+00,1.075726358832238105e+00,1.075397961344464859e+00,2.220446049250313081e-16
1.000000000000000000e+00,1.000000000000000056e-01,7.823299831252682190e-02,1.530100506241956074e-03,3.129319932501072737e-02,3.060201012483912148e-03,1.564659966250536716e-02,2.176700168747319059e-02,2.556465996625053805e+00,1.281658766324978771e+00,1.281178001124982035e+00,1.089443141561385886e+00,1.089080003214234704e+00,2.220446049250313081e-16
1.000000000000000000e+00,1.211527658628587661e-01,9.365176123387647378e-02,2.192663095551751484e-03,3.746070449355058674e-02,4.385326191103504703e-03,1.873035224677530031e-02,2.750100462898230971e-02,2.135571156003571502e+00,1.319339810114673384e+00,1.318921163082309223e+00,1.105191994704327385e+00,1.104796706386579785e+00,2.220446049250313081e-16
1.000000000000000000e+00,1.467799267622069137e-01,1.118847707053487184e-01,3.129550478947110744e-03,4.475390828213948735e-02,6.259100957894237101e-03,2.237695414106974368e-02,3.489515605685821614e-02,1.787553379598950443e+00,1.359075292046380667e+00,1.358737524927279283e+00,1.123118842907369519e+00,1.122696172038058382e+00,1.554312234475219157e-15
1.000000000000000000e+00,1.778279410038922925e-01,1.333675347354097984e-01,4.446724830350130657e-03,5.334701389416392214e-02,8.893449660700476420e-03,2.667350694708195413e-02,4.446040626848291044e-02,1.499615332897778153e+00,1.400304352894584881e+00,1.400061556207814695e+00,1.143331496705125794e+00,1.142888551157093868e+00,1.010302952408892452e-14
1.000000000000000000e+00,2.154434690031882260e-01,1.585799028468859728e-01,6.286896396731265178e-03,6.343196113875439190e-02,1.257379279346526428e-02,3.171598056937718901e-02,5.686356615630772104e-02,1.261193861324815479e+00,1.442384380137196054e+00,1.442244257382738537e+00,1.165885958916926590e+00,1.165432117214156182e+00,8.593126210598711623e-14
1.000000000000000000e+00,2.610157215682535892e-01,1.880455072952865736e-01,8.840278203477424171e-03,7.521820291811463777e-02,1.768055640698682970e-02,3.760910145905729807e-02,7.297021427303096441e-02,1.063572338826262786e+00,1.484633466616879005e+00,1.484596532520293888e+00,1.190774142424614546e+00,1.190320694651187949e+00,6.885603198725220864e-13
1.000000000000000000e+00,3.162277660168379412e-01,2.223306913990489853e-01,1.235773408449478833e-02,8.893227655961959133e-02,2.471546816898957666e-02,4.446613827980980260e-02,9.389707461778895592e-02,8.995609141566116573e-01,1.526377586020646326e+00,1.526437448016238818e+00,1.217914848435770914e+00,1.217474339046587417e+00,3.330669073875469621e-16
1.000000000000000000e+00,3.831186849557284835e-01,2.620433196514711516e-01,1.716667534349077331e-02,1.048173278605884634e-01,3.433335068698154663e-02,5.240866393029422476e-02,1.210753653042573180e-01,7.632325840857479005e-01,1.566995538017457612e+00,1.567140154410491037e+00,1.247149731205880130e+00,1.246735057603361563e+00,4.440892098500626162e-16
1.000000000000000000e+00,4.641588833612777520e-01,3.078319686821332501e-01,2.369013023567946227e-02,1.231327874728533056e-01,4.738026047135893842e-02,6.156639373642663893e-02,1.563269146791445019e-01,6.497051000135712906e-01,1.605955366838475840e+00,1.606168944977968138e+00,1.278245443656207847e+00,1.277868826125614810e+00,1.110223024625156540e-16
1.000000000000000000e+00,5.623413251903490728e-01,3.603860292561262835e-01,3.246952252074938178e-02,1.441544117024505245e-01,6.493904504149873580e-02,7.207720585122523449e-02,2.019552959342227061e-01,5.549604695077123839e-01,1.642838072531317195e+00,1.643103165392102438e+00,1.310902278788362629e+00,1.310574257333272374e+00,2.220446049250313081e-16
1.000000000000000000e+00,6.812920690579608030e-01,4.204371950580598205e-01,4.419185874707225875e-02,1.681748780232239227e-01,8.838371749414451750e-02,8.408743901161197520e-02,2.608548739999010380e-01,4.756953056267565483e-01,1.677347265808138310e+00,1.677646663364074753e+00,1.344768582832580606e+00,1.344497198840337138e+00,1.110223024625156540e-16
1.000000000000000000e+00,8.254041852680181757e-01,4.887626854682420863e-01,5.972224067653192359e-02,1.955050741872968179e-01,1.194444813530639027e-01,9.775253709364845056e-02,3.366414997997762559e-01,4.091965404609334556e-01,1.709306072769194884e+00,1.709624222944026384e+00,1.379459280324347059e+00,1.379249563150303004e+00,4.440892098500626162e-16
1.000000000000000000e+00,1.000000000000000000e+00,5.661903789690604372e-01,8.014288630928186052e-02,2.264761515876241582e-01,1.602857726185645537e-01,1.132380757938121207e-01,4.338096210309412282e-01,3.532380757938110016e-01,1.738644407195165886e+00,1.738968270171823871e+00,1.414576260689255349e+00,1.414430073352085593e+00,1.332267629550187849e-15
1.000000000000000000e+00,1.211527658628587689e+00,6.536058625535412503e-01,1.068001558910845472e-01,2.614423450214165001e-01,2.136003117821895780e-01,1.307211725107082501e-01,5.579217960750874061e-01,3.059948073577860028e-01,1.765380449162053278e+00,1.765699828487942380e+00,1.449728261321142631e+00,1.449644487127599080e+00,2.309263891220325604e-14
1.000000000000000000e+00,1.467799267622069026e+00,7.519612670568891488e-01,1.413614367884505341e-01,3.007845068227556484e-01,2.827228735769010681e-01,1.503922534113778520e-01,7.158380005651799882e-01,2.659711460708376607e-01,1.789599943539520899e+00,1.789907418588231325e+00,1.484548223564104763e+00,1.484523217826753338e+00,2.220446049250313081e-16
1.000000000000000000e+00,1.778279410038922759e+00,8.622856800361968777e-01,1.858841484988716097e-01,3.449142720144787733e-01,3.717682969977433305e-01,1.724571360072393311e-01,9.159937300027259921e-01,2.319416924465269314e-01,1.811436120961033014e+00,1.811726728733474845e+00,1.518706749829762614e+00,1.518734950551592577e+00,1.110223024625156540e-16
1.000000000000000000e+00,2.154434690031882038e+00,9.856969098891130709e-01,2.428995995412365771e-01,3.942787639556452617e-01,4.857991990824731543e-01,1.971393819778225476e-01,1.168737780142768745e+00,2.029021274120653695e-01,1.831052031463040075e+00,1.831322829357205695e+00,1.551921050923398937e+00,1.551995640710562840e+00,0.000000000000000000e+00
1.000000000000000000e+00,2.610157215682535892e+00,1.123414406253625319e+00,3.155149820445463660e-01,4.493657625014501056e-01,6.310299640890927320e-01,2.246828812507251083e-01,1.486742809428910572e+00,1.780286943862169624e-01,1.848626150928055489e+00,1.848875757242080864e+00,1.583959460458083113e+00,1.584072991551405574e+00,3.330669073875469621e-16
1.000000000000000000e+00,3.162277660168379523e+00,1.276773204244023630e+00,4.075374537688877807e-01,5.107092816976094296e-01,8.150749075377757835e-01,2.553546408488047703e-01,1.885504455924356337e+00,1.566448914616905830e-01,1.864341418561282548e+00,1.864569590357388451e+00,1.614642093280131974e+00,1.614787017491776666e+00,1.110223024625156540e-16
1.000000000000000000e+00,3.831186849557285168e+00,1.447238835494599973e+00,5.236250617409412556e-01,5.788955341978399005e-01,1.047250123481883399e+00,2.894477670989201723e-01,2.383948014062687193e+00,1.381941909620253983e-01,1.878377420999975289e+00,1.878584698411418730e+00,1.643838500493235877e+00,1.644007576157820338e+00,2.220446049250313081e-16
1.000000000000000000e+00,4.641588833612777520e+00,1.636423223277022831e+00,6.694702414200875973e-01,6.545692893108090438e-01,1.338940482840185853e+00,3.272846446554047439e-01,3.005165610335776449e+00,1.222177717568007083e-01,1.890905217818940276e+00,1.891092642771578847e+00,1.671463249077870472e+00,1.671649821608584441e+00,1.554312234475219157e-15
1.000000000000000000e+00,5.623413251903491172e+00,1.846101643820996063e+00,8.520228198295739519e-01,7.384406575283983809e-01,1.704045639659436118e+00,3.692203287641993015e-01,3.777311608083071537e+00,1.083363966818371854e-01,1.902084240433795870e+00,1.902253145339107165e+00,1.697470285462414186e+00,1.697668454321072273e+00,3.197442310920450836e-14
1.000000000000000000e+00,6.812920690579607808e+00,2.078230888213263849e+00,1.079760906180922797e+00,8.312923552853054288e-01,2.159521812361845594e+00,4.156461776426529919e-01,4.734689802366344402e+00,9.623569793630963598e-02,1.912060729131254355e+00,1.912212585197256676e+00,1.721846792182356367e+00,1.722051485419009653e+00,4.440892098500626162e-16
1.000000000000000000e+00,8.254041852680181535e+00,2.334968799268602346e+00,1.363019823389464369e+00,9.339875197074408719e-01,2.726039646778929626e+00,4.669937598537206025e-01,5.919073053411580076e+00,8.565424945406009682e-02,1.920967252326773789e+00,1.921103565433347482e+00,1.744607067408570522e+00,1.744814047212641439e+00,1.110223024625156540e-16
1.000000000000000000e+00,1.000000000000000000e+01,2.618695387886216253e+00,1.714391383634135124e+00,1.047478155154486501e+00,3.428782767268270248e+00,5.237390775772432505e-01,7.381304612113783747e+00,7.637390775772431861e-02,1.928922945770247921e+00,1.929045188472819250e+00,1.765786784459541181e+00,1.765992605590215758e+00,0.000000000000000000e+00
1.000000000000000000e+00,1.211527658628587645e+01,2.932035756654493230e+00,2.149208419575121098e+00,1.172814302661797203e+00,4.298416839150243973e+00,5.864071513308988237e-01,9.183240829631387214e+00,6.821199214439448155e-02,1.936034198708112442e+00,1.936143768609579485e+00,1.785437842157397093e+00,1.785639781565987905e+00,2.220446049250313081e-16
1.000000000000000000e+00,1.467799267622067561e+01,3.277885077748008413e+00,2.686132645730766377e+00,1.311154031099203365e+00,5.372265291461534531e+00,6.555770155496016827e-01,1.140010759847267074e+01,6.101495179245427364e-02,1.942395590312004927e+00,1.942493787020270535e+00,1.803623904285619695e+00,1.803819876051584448e+00,1.110223024625156540e-16
1.000000000000000000e+00,1.778279410038922848e+01,3.659435889925946483e+00,3.347867758119523085e+00,1.463774355970378638e+00,6.695735516239058605e+00,7.318871779851892079e-01,1.412335821046330686e+01,5.465323236036990356e-02,1.948090940500392776e+00,1.948178955240052801e+00,1.820416646730684818e+00,1.820605112452175156e+00,4.440892098500626162e-16
1.000000000000000000e+00,2.154434690031882127e+01,4.080207997548744636e+00,4.162024325815082193e+00,1.632083199019497943e+00,8.324048651630572948e+00,8.160415995097487496e-01,1.746413890277089465e+01,4.901710896114817861e-02,1.953194385316834314e+00,1.953273298840959571e+00,1.835892679361977642e+00,1.836072560759334005e+00,1.065814103640150279e-14
1.000000000000000000e+00,2.610157215682533050e+01,4.544081274321522201e+00,5.162168656909876141e+00,1.817632509728608792e+00,1.032433731381975583e+01,9.088162548643046179e-01,2.155749088250381718e+01,4.401329728193782015e-02,1.957771420531692286e+00,1.957842206228095572e+00,1.850131080039988163e+00,1.850301677887268514e+00,2.220446049250313081e-16
1.000000000000000000e+00,3.162277660168379256e+01,5.055331696875417613e+00,6.389094641358322946e+00,2.022132678750167223e+00,1.277818928271664234e+01,1.011066339375083167e+00,2.656744490480836873e+01,3.956219136394458630e-02,1.961879880664797682e+00,1.961943410704426238e+00,1.863211464260093209e+00,1.863372385816006949e+00,2.220446049250313081e-16
1.000000000000000000e+00,3.831186849557285257e+01,5.618670958940732874e+00,7.892365836210993635e+00,2.247468383576292972e+00,1.578473167242198727e+01,1.123734191788146930e+00,3.269319753663211969e+01,3.559560640968826434e-02,1.965570836627755114e+00,1.965627889700019892e+00,1.875212510635849483e+00,1.875363606404272909e+00,2.220446049250313081e-16
1.000000000000000000e+00,4.641588833612772902e+01,6.239290046205653084e+00,9.732185070170235264e+00,2.495716018482261322e+00,1.946437014034047053e+01,1.247858009241130439e+00,4.017659828992206883e+01,3.205492908950875047e-02,1.968889405680791072e+00,1.968940675359413639e+00,1.886210865689202265e+00,1.886352175468147152e+00,2.220446049250313081e-16
1.000000000000000000e+00,5.623413251903490817e+01,6.922907185326355517e+00,1.198166097416082110e+01,2.769162874130542296e+00,2.396332194832164220e+01,1.384581437065270926e+00,4.931122533370855621e+01,2.888959719464615286e-02,1.971875473995503114e+00,1.971921577131874992e+00,1.896280358322723458e+00,1.896412065974324435e+00,1.110223024625156540e-16
1.000000000000000000e+00,6.812920690579608163e+01,7.675820618270800644e+00,1.472955554096777853e+01,3.070328247308320435e+00,2.945911108193557837e+01,1.535164123654159773e+00,6.045338628752531918e+01,2.605584600608548684e-02,1.974564336037026635e+00,1.974605820816178969e+00,1.905491462899146171e+00,1.905613858996084931e+00,3.330669073875469621e-16
1.000000000000000000e+00,8.254041852680173008e+01,8.504966695535049581e+00,1.808361462303991729e+01,3.401986678214019566e+00,3.616722924608054512e+01,1.700993339107010449e+00,7.403545183126810514e+01,2.351567115541962003e-02,1.976987257092027050e+00,1.977024610547610139e+00,1.913910958780046911e+00,1.914024410169692381e+00,4.662936703425657470e-15
1.000000000000000000e+00,1.000000000000000000e+02,9.417983829095485149e+00,2.217460485127135428e+01,3.767193531638194148e+00,4.434920970256135320e+01,1.883596765819096852e+00,9.058201617094179880e+01,2.123596765818254462e-02,1.978132835615087126e+00,1.979205621099617618e+00,1.917920095092294996e+00,1.921706668029571574e+00,9.858780458671390079e-14
1.000000000000000000e+01,1.000000000000000021e-03,3.332963045249204325e-04,2.777160630970798427e-08,1.333185218099681513e-03,5.554321399055252391e-08,6.665926090498410818e-04,6.667036954778221862e-04,6.000666518534770148e+03,1.000183674115340482e+00,1.000166620387339389e+00,1.000045924870460956e+00,1.000041660302926738e+00,1.234022883878083121e-08
1.000000000000000000e+01,1.211527658628588954e-03,4.037882045724636008e-04,4.076122779952792471e-08,1.615152818289854403e-03,8.152245855279785581e-08,8.075764091449275268e-04,8.077394540620331164e-04,4.953091598813241944e+03,1.000203093195601411e+00,1.000201853352941539e+00,1.000050781131204047e+00,1.000050470979037653e+00,1.811124950013009993e-08
1.000000000000000000e+01,1.467799267622069137e-03,4.891866546796508385e-04,5.982589577916698547e-08,1.956746618718603354e-03,1.196517915583339709e-07,9.783733093593014601e-04,9.786126129424181901e-04,4.088418972324012429e+03,1.000246035233939068e+00,1.000244533516073453e+00,1.000061520304267759e+00,1.000061144592945039e+00,0.000000000000000000e+00
1.000000000000000000e+01,1.778279410038922752e-03,5.926427282118735011e-04,8.780635082560313079e-08,2.370570912847493571e-03,1.756127016512063145e-07,1.185285456423748086e-03,1.185636681827050443e-03,3.374714486136390860e+03,1.000298052399912763e+00,1.000296233583766403e+00,1.000074529964166459e+00,1.000074074853536166e+00,2.220446049250313081e-16
1.000000000000000000e+01,2.154434690031884272e-03,7.179730682350578003e-04,1.288713316777157456e-07,2.871892272940231201e-03,2.577426633554314911e-07,1.435946136470115167e-03,1.436461621796826038e-03,2.785619807322936595e+03,1.000361060421617765e+00,1.000358857709032323e+00,1.000090289854533410e+00,1.000089738579793996e+00,0.000000000000000000e+00
1.000000000000000000e+01,2.610157215682535736e-03,8.698002210859781926e-04,1.891381061503041138e-07,3.479200884343912770e-03,3.782762123006083335e-07,1.739600442171957036e-03,1.740356994596558302e-03,2.299378583168127079e+03,1.000437378479183792e+00,1.000434711054657200e+00,1.000109380939228743e+00,1.000108713207789268e+00,4.440892098500626162e-16
1.000000000000000000e+01,3.162277660168379394e-03,1.053722443060456804e-03,2.775827467523244827e-07,4.214889772241827218e-03,5.551654935046487537e-07,2.107444886120912741e-03,2.108555217107922156e-03,1.898033028689368393e+03,1.000529813650116395e+00,1.000526583784953960e+00,1.000132506709160651e+00,1.000131697958745791e+00,6.661338147750939243e-16
1.000000000000000000e+01,3.831186849557285078e-03,1.276519116167781171e-03,4.073752634854432719e-07,5.106076464671124686e-03,8.147505269708867555e-07,2.553038232335562777e-03,2.554667733389504557e-03,1.566760712525927374e+03,1.000641762883464736e+00,1.000637852442665787e+00,1.000160518926506370e+00,1.000159539432629030e+00,1.110223024625156540e-16
1.000000000000000000e+01,4.641588833612777208e-03,1.546399161082460255e-03,5.978375913491341776e-07,6.185596644329841021e-03,1.195675182698268355e-06,3.092798322164920510e-03,3.095189672530316953e-03,1.293327137218585221e+03,1.000777335955387315e+00,1.000772602204840434e+00,1.000194448737943276e+00,1.000193262537507177e+00,0.000000000000000000e+00
1.000000000000000000e+01,5.623413251903490971e-03,1.873301331341828066e-03,8.773144695017663542e-07,7.493205325367312264e-03,1.754628939003532708e-06,3.746602662683656132e-03,3.750111920561663339e-03,1.067633896660618348e+03,1.000941503588091308e+00,1.000935774172169612e+00,1.000235544252648268e+00,1.000234107847099985e+00,2.220446049250313081e-16
1.000000000000000000e+01,6.812920690579608342e-03,2.269257054333654981e-03,1.287381894660763963e-06,9.077028217334619925e-03,2.574763789321528772e-06,4.538514108667311697e-03,4.543663636245955095e-03,8.813457233417219641e+02,1.001140275663926715e+00,1.001133342604316967e+00,1.000285315898526761e+00,1.000283576693240306e+00,4.440892098500626162e-16
1.000000000000000000e+01,8.254041852680181826e-03,2.748828598006321580e-03,1.889014665304349718e-06,1.099531439202528459e-02,3.778029330608700283e-06,5.497657196012646630e-03,5.505213254673863715e-03,7.275826515522163618e+02,1.001380915329976418e+00,1.001372527877063101e+00,1.000345591122860256e+00,1.000343485551887346e+00,1.110223024625156540e-16
1.000000000000000000e+01,1.000000000000000021e-02,3.329637837290827691e-03,2.771622031879684633e-06,1.331855134916330903e-02,5.543244063759370959e-06,6.659275674581657117e-03,6.670362162709175986e-03,6.006659275674580840e+02,1.001672195753465999e+00,1.001662051903193129e+00,1.000418580298649829e+00,1.000416031575352083e+00,1.110223024625156540e-16
1.000000000000000000e+01,1.211527658628588217e-02,4.033003822152129644e-03,4.066279957373420790e-06,1.613201528860851511e-02,8.132559914746844969e-06,8.066007644304269697e-03,8.082272764133762930e-03,4.959082828076129204e+02,1.002024707339746357e+00,1.002012443814278564e+00,1.000506956038535122e+00,1.000503871463326755e+00,2.220446049250313081e-16
1.000000000000000000e+01,1.467799267622068964e-02,4.884710759007176994e-03,5.965099799790117922e-06,1.953884303602870451e-02,1.193019959958023584e-05,9.769421518014360928e-03,9.793281917213521315e-03,4.094408243747279244e+02,1.002451224329458768e+00,1.002436404813101589e+00,1.000613948507094619e+00,1.000610216253638551e+00,2.220446049250313081e-16
1.000000000000000000e+01,1.778279410038922925e-02,5.915931949851319267e-03,8.749562708817906748e-06,2.366372779940527360e-02,1.749912541763582027e-05,1.183186389970264374e-02,1.186686215053791606e-02,3.380701497166925265e+02,1.002967140787905720e+00,1.002949242216796488e+00,1.000743459758849596e+00,1.000738945050152484e+00,2.220446049250313081e-16
1.000000000000000000e+01,2.154434690031883232e-02,7.164339712268682006e-03,1.283194087819752148e-05,2.865735884907472455e-02,2.566388175639505652e-05,1.432867942453736748e-02,1.438000718805015725e-02,2.791604084009402413e+02,1.003590986983342148e+00,1.003569383717376917e+00,1.000900200608459301e+00,1.000894741185307746e+00,2.220446049250313081e-16
1.000000000000000000e+01,2.610157215682535822e-02,8.675436320491485692e-03,1.881579883772569996e-05,3.470174528196594277e-02,3.763159767545145413e-05,1.735087264098297832e-02,1.742613583633388294e-02,2.305359553243420123e+02,1.004345037855172151e+00,1.004318983626535156e+00,1.001089854049139305e+00,1.001083254826528046e+00,6.661338147750939243e-16
1.000000000000000000e+01,3.162277660168379134e-02,1.050414650264492288e-02,2.758427343725683775e-05,4.201658601057969150e-02,5.516854687451389235e-05,2.100829300528984922e-02,2.111863009903887714e-02,1.904010001665913876e+02,1.005256025442772483e+00,1.005224633095593179e+00,1.001319269751671293e+00,1.001311296556438357e+00,1.554312234475219157e-15
1.000000000000000000e+01,3.831186849557287333e-02,1.271671786080716925e-02,4.042872828784278627e-05,5.086687144322867699e-02,8.085745657568649410e-05,2.543343572161434196e-02,2.559515063476571622e-02,1.572732855986350273e+02,1.006355966403239321e+00,1.006318185638326312e+00,1.001596694659077968e+00,1.001587066947276616e+00,5.218048215738235740e-15
1.000000000000000000e+01,4.641588833612777382e-02,1.539298148570286164e-02,5.923596975479671263e-05,6.157192594281144654e-02,1.184719395095976536e-04,3.078596297140571980e-02,3.102290685042491392e-02,1.299293448678270693e+02,1.007683113549889597e+00,1.007637707200089494e+00,1.001932045077634115e+00,1.001920427547502435e+00,1.787459069646502030e-14
1.000000000000000000e+01,5.623413251903491145e-02,1.862903057956682984e-02,8.676019508360415379e-05,7.451612231826731936e-02,1.735203901672277690e-04,3.725806115913365968e-02,3.760510193946811630e-02,1.073593170325018917e+02,1.009283035939382955e+00,1.009228555765999014e+00,1.002337225855610470e+00,1.002323218907936075e+00,5.562217353372034268e-14
1.000000000000000000e+01,6.812920690579611638e-02,2.254037940075540383e-02,1.270171758824774398e-04,9.016151760302161533e-02,2.540343517650436758e-04,4.508075880151080073e-02,4.558882750504088949e-02,8.872965110483558249e+01,1.011209824410616243e+00,1.011144588078601192e+00,1.002826502095255812e+00,1.002809631156065695e+00,1.719735465144367481e-13
1.000000000000000000e+01,8.254041852680181479e-02,2.726566730441571176e-02,1.858541533886699836e-04,1.090626692176628609e-01,3.717083067777439409e-04,5.453133460883141659e-02,5.527475122238690447e-02,7.335232171908040755e+01,1.013527407330149011e+00,1.013449479140385412e+00,1.003416928161588118e+00,1.003396631983352050e+00,5.337952302397752646e-13
1.000000000000000000e+01,1.000000000000000056e-01,3.297097167558976638e-02,2.717712433076772526e-04,1.318838867023590655e-01,5.435424866171881080e-04,6.594194335117953276e-02,6.702902832441390291e-02,6.065941943340836673e+01,1.016310943038818415e+00,1.016218122213751851e+00,1.004128837263213114e+00,1.004104455473809221e+00,1.650235503802832682e-12
1.000000000000000000e+01,1.211527658628587661e-01,3.985478726497683477e-02,3.971010169820697946e-04,1.594191490599073391e-01,7.942020339724200750e-04,7.970957452995364179e-02,8.129797859789848757e-02,5.018217728004565004e+01,1.019648229345537338e+00,1.019538051195603812e+00,1.004986392236912884e+00,1.004957152625233219e+00,5.077938070030540985e-12
1.000000000000000000e+01,1.467799267622069137e-01,4.815371548247977113e-02,5.796950786919030088e-04,1.926148619299190845e-01,1.159390157383806018e-03,9.630743096495952837e-02,9.862621127972713564e-02,4.153365903255541980e+01,1.023641034662954752e+00,1.023510791752823224e+00,1.006018193940288796e+00,1.005983200269876088e+00,0.000000000000000000e+00
1.000000000000000000e+01,1.778279410038922925e-01,5.814888281059082259e-02,8.453231430299561894e-04,2.325955312423633181e-01,1.690646286059912379e-03,1.162977656211815480e-01,1.196790581933013797e-01,3.439446990778183277e+01,1.028406208838108071e+00,1.028253001178021320e+00,1.007257937369208989e+00,1.007216158904017389e+00,2.220446049250313081e-16
1.000000000000000000e+01,2.154434690031882260e-01,7.017306976116115258e-02,1.231064929926197274e-03,2.806922790446445548e-01,2.462129859852395415e-03,1.403461395223224439e-01,1.452703992420272261e-01,2.850096207572418550e+01,1.034076374669339771e+00,1.033897199604310035e+00,1.008745096784327444e+00,1.008695361196663587e+00,2.220446049250313081e-16
1.000000000000000000e+01,2.610157215682535892e-01,8.461847823640299138e-02,1.790071714761151374e-03,3.384739129456119655e-01,3.580143429522303616e-03,1.692369564728060105e-01,1.763972433318506117e-01,2.363549949944145112e+01,1.040799936416616944e+00,1.040591829689618164e+00,1.010525609408174486e+00,1.010466601295310740e+00,1.110223024625156540e-16
1.000000000000000000e+01,3.162277660168379412e-01,1.019449946914025990e-01,2.598195485657526105e-03,4.077799787656103958e-01,5.196390971315052211e-03,2.038899893828051146e-01,2.142827713254352173e-01,1.961842271956748363e+01,1.048740076663144727e+00,1.048500315159945240e+00,1.012652512599973464e+00,1.012582780401273919e+00,2.220446049250313081e-16
1.000000000000000000e+01,3.831186849557284835e-01,1.226887209060548711e-01,3.763130559390956247e-03,4.907548836242194845e-01,7.526261118781912493e-03,2.453774418121097423e-01,2.604299640496735568e-01,1.630141699440683567e+01,1.058072361356196200e+00,1.057798734076132563e+00,1.015186472372919591e+00,1.015104446953664530e+00,2.220446049250313081e-16
1.000000000000000000e+01,4.641588833612777520e-01,1.474704499205070074e-01,5.436883399939191133e-03,5.898817996820280296e-01,1.087376679987838227e-02,2.949408998410141258e-01,3.166884334407709112e-01,1.356203904631801116e+01,1.068980556042731678e+00,1.068671701594760437e+00,1.018196123173686907e+00,1.018100151553412047e+00,2.220446049250313081e-16
1.000000000000000000e+01,5.623413251903490728e-01,1.770036747694827550e-01,7.832575220475207142e-03,7.080146990779310201e-01,1.566515044095041428e-02,3.540073495389655100e-01,3.853376504208663178e-01,1.129920044092112974e+01,1.081650302830289068e+00,1.081306098295045537e+00,1.021758122712004946e+00,1.021646520144736670e+00,4.440892098500626162e-16
1.000000000000000000e+01,6.812920690579608030e-01,2.121016526649230627e-01,1.124677776579791760e-02,8.484066106596922507e-01,2.249355553159582827e-02,4.242033053298459588e-01,4.691904163930376015e-01,9.429440906618429707e+00,1.096260449243107171e+00,1.095882416800061598e+00,1.025956815424566404e+00,1.025827938040208442e+00,4.440892098500626162e-16
1.000000000000000000e+01,8.254041852680181757e-01,2.536830344358179667e-01,1.608877049014109661e-02,1.014732137743271867e+00,3.217754098028220711e-02,5.073660688716357114e-01,5.717211508322000979e-01,7.883853977259171586e+00,1.112972082581710431e+00,1.112563759215290160e+00,1.030883399120282151e+00,1.030735737412911135e+00,2.220446049250313081e-16
1.000000000000000000e+01,1.000000000000000000e+00,3.027756377319947290e-01,2.291827170100394634e-02,1.211102550927978916e+00,4.583654340200821187e-02,6.055512754639895689e-01,6.972243622680059927e-01,6.605551275463966476e+00,1.131915711145299985e+00,1.131482908178670588e+00,1.036634506924760224e+00,1.036466797483486246e+00,2.886579864025407005e-15
1.000000000000000000e+01,1.211527658628587689e+00,3.605181156410683929e-01,3.249332792634562761e-02,1.442072462564273572e+00,6.498665585269550182e-02,7.210362312821367858e-01,8.510095429875277340e-01,5.547571434638068233e+00,1.153177512445971109e+00,1.152728383337642493e+00,1.043310154774105047e+00,1.043121504032939351e+00,2.631228568361621001e-14
1.000000000000000000e+01,1.467799267622069026e+00,4.281595545032369499e-01,4.583015102808954411e-02,1.712638218012947799e+00,9.166030205623124094e-02,8.563191090064741218e-01,1.039639713118936548e+00,4.671155831895166699e+00,1.176786052791055193e+00,1.176330897905484507e+00,1.051011063651130728e+00,1.050801073678604425e+00,2.214894934127187298e-13
1.000000000000000000e+01,1.778279410038922759e+00,5.070574007832767682e-01,6.427680192227314127e-02,2.028229603133107073e+00,1.285536038445462825e-01,1.014114801566553759e+00,1.271222009255646324e+00,3.944326612550178801e+00,1.202701239816068579e+00,1.202252010913215319e+00,1.059835440070306056e+00,1.059604323433457784e+00,0.000000000000000000e+00
1.000000000000000000e+01,2.154434690031882038e+00,5.986745078815537413e-01,8.960279159680513417e-02,2.394698031526215409e+00,1.792055831936102683e-01,1.197349015763106372e+00,1.555760182150326854e+00,3.340713482317996696e+00,1.230807350649194110e+00,1.230376873312077457e+00,1.069875376296404390e+00,1.069624045814597135e+00,2.220446049250313081e-16
1.000000000000000000e+01,2.610157215682535892e+00,7.045764254574020669e-01,1.241069848275825060e-01,2.818305701829608267e+00,2.482139696551650121e-01,1.409152850914804134e+00,1.905580790225134269e+00,2.838584896878469266e+00,1.260911672891466440e+00,1.260512669867793756e+00,1.081213097309310367e+00,1.080943217799409384e+00,2.220446049250313081e-16
1.000000000000000000e+01,3.162277660168379523e+00,8.264302396952245555e-01,1.707467352706765473e-01,3.305720958780897778e+00,3.414934705413532057e-01,1.652860479390450443e+00,2.335847420473156966e+00,2.420046973036190430e+00,1.292749591984138302e+00,1.292393644848754075e+00,1.093917318542850570e+00,1.093631311555435914e+00,2.220446049250313081e-16
1.000000000000000000e+01,3.831186849557285168e+00,9.660062549712409297e-01,2.332920211608905114e-01,3.864025019884963275e+00,4.665840423217811339e-01,1.932012509942482303e+00,2.865180594586044460e+00,2.070379968771053569e+00,1.325995977673508186e+00,1.325692588595234644e+00,1.108039976547040339e+00,1.107740974911280540e+00,1.110223024625156540e-16
1.000000000000000000e+01,4.641588833612777520e+00,1.125183580935393834e+00,3.165095227016489488e-01,4.500734323741575338e+00,6.330190454032981195e-01,2.250367161870787669e+00,3.516405252677383686e+00,1.777487721903432405e+00,1.360281696063885271e+00,1.360037595167006730e+00,1.123613553563526324e+00,1.123305308978787220e+00,2.220446049250313081e-16
1.000000000000000000e+01,5.623413251903491172e+00,1.305960308326454600e+00,4.263830817310318433e-01,5.223841233305818399e+00,8.527661634620645748e-01,2.611920616652909644e+00,4.317452943577039015e+00,1.531440111348356448e+00,1.395213268143866259e+00,1.395032059228672017e+00,1.140649146820940985e+00,1.140335899257807206e+00,2.220446049250313081e-16
1.000000000000000000e+01,6.812920690579607808e+00,1.510468516789310600e+00,5.703787850529191683e-01,6.041874067157242401e+00,1.140757570105861429e+00,3.020937033578620756e+00,5.302452173790343615e+00,1.324092477115133226e+00,1.430393311651361188e+00,1.430275477351610203e+00,1.159135351399129377e+00,1.158821672572998507e+00,4.884981308350688778e-15
1.000000000000000000e+01,8.254041852680181535e+00,1.740993960605401014e+00,7.577649927159946230e-01,6.963975842421604945e+00,1.515529985432491511e+00,3.481987921210800252e+00,6.513047892075783274e+00,1.148769062532647434e+00,1.465439504753414113e+00,1.465382724200873232e+00,1.179037949828590115e+00,1.178728574070221136e+00,7.660538869913580129e-14
1.000000000000000000e+01,1.000000000000000000e+01,2.000000000000000000e+00,1.000000000000000000e+00,8.000000000000000000e+00,2.000000000000000000e+00,4.000000000000000000e+00,8.000000000000000000e+00,1.000000000000000000e+00,1.500000314176364924e+00,1.500000000000000000e+00,1.200300345206908759e+00,1.199999999999999956e+00,0.000000000000000000e+00
1.000000000000000000e+01,1.211527658628587645e+01,2.290155219286655885e+00,1.311202732106477642e+00,9.160620877146623542e+00,2.622405464212955284e+00,4.580310438573313547e+00,9.825121366999223227e+00,8.733032517433323427e-01,1.533766456529056299e+00,1.533816401092231274e+00,1.222844642563647000e+00,1.222557888630703804e+00,0.000000000000000000e+00
1.000000000000000000e+01,1.467799267622067561e+01,2.614364188574059167e+00,1.708725027624624415e+00,1.045745675429623489e+01,3.417450055249249719e+00,5.228728377148122775e+00,1.206362848764662132e+01,7.650043588957101681e-01,1.566477808775609049e+00,1.566570838740397376e+00,1.246573272984752734e+00,1.246304360970421188e+00,2.220446049250313081e-16
1.000000000000000000e+01,1.778279410038922848e+01,2.975800945125825159e+00,2.213847816252938472e+00,1.190320378050330064e+01,4.427695632505876944e+00,5.951601890251652094e+00,1.480699315526340598e+01,6.720879645111595968e-01,1.597926096608114577e+00,1.598054660534772298e+00,1.271371059522850899e+00,1.271123807729706456e+00,0.000000000000000000e+00
1.000000000000000000e+01,2.154434690031882127e+01,3.377944946421476580e+00,2.852628015263597661e+00,1.351177978568590632e+01,5.705256030527197098e+00,6.755889892842951383e+00,1.816640195389734558e+01,5.920759608941397190e-01,1.627954088943692312e+00,1.628110733760706585e+00,1.297107634928986286e+00,1.296885330552059790e+00,1.110223024625156540e-16
1.000000000000000000e+01,2.610157215682533050e+01,3.824619437746263895e+00,3.656928460896634814e+00,1.529847775098505558e+01,7.313856921793278509e+00,7.649238875492525125e+00,2.227695271907908392e+01,5.229278448625307441e-01,1.656452206860649312e+00,1.656629927263734814e+00,1.323640132044552331e+00,1.323445456987597302e+00,2.220446049250313081e-16
1.000000000000000000e+01,3.162277660168379256e+01,4.320032354006641206e+00,4.665669884915966570e+00,1.728012941602656483e+01,9.331339769832228015e+00,8.640064708013284189e+00,2.730274424767774022e+01,4.629594956956876173e-01,1.683353458113931111e+00,1.683545923822358015e+00,1.350816074443820014e+00,1.350651055928578925e+00,5.995204332975845318e-15
1.000000000000000000e+01,3.831186849557285257e+01,4.868820023801914587e+00,5.926352106041777645e+00,1.947528009520765835e+01,1.185270421209092007e+01,9.737640047603832727e+00,3.344304847178567286e+01,4.107771472804697677e-01,1.708627495677447428e+00,1.708829173996532669e+00,1.378476396608732557e+00,1.378342382191807935e+00,1.187938636348917498e-13
1.000000000000000000e+01,4.641588833612772902e+01,5.476094060154846233e+00,7.496901538915797580e+00,2.190437624061938493e+01,1.499380307783159516e+01,1.095218812030969247e+01,4.093979427597288634e+01,3.652238215834164303e-01,1.732274429916371261e+00,1.732480626392951306e+00,1.406458520663425915e+00,1.406356176775744649e+00,0.000000000000000000e+00
1.000000000000000000e+01,5.623413251903490817e+01,6.147491910360867173e+00,9.447914196988076441e+00,2.458996764144347225e+01,1.889582839397615288e+01,1.229498382072172546e+01,5.008664060867403123e+01,3.253359303538466141e-01,1.754318844191413262e+00,1.754525684467796776e+00,1.434599412831310872e+00,1.434528745399654692e+00,2.220446049250313081e-16
1.000000000000000000e+01,6.812920690579608163e+01,6.889231604014522503e+00,1.186537802343812942e+01,2.755692641605809357e+01,2.373075604687625173e+01,1.377846320802904501e+01,6.123997530178154847e+01,2.903081381143510775e-01,1.774804301358898329e+00,1.775008674642162720e+00,1.462738539754347755e+00,1.462698934856853539e+00,2.220446049250313081e-16
1.000000000000000000e+01,8.254041852680173008e+01,7.708171291130597957e+00,1.485397616335248649e+01,3.083268516452238828e+01,2.970795232670498009e+01,1.541634258226120835e+01,7.483224723567116143e+01,2.594649138507469366e-01,1.793788497172343455e+00,1.793987977753626506e+00,1.490720644839257147e+00,1.490710926706211081e+00,2.220446049250313081e-16
1.000000000000000000e+01,1.000000000000000000e+02,8.611874208078344139e+00,1.854109434394124278e+01,3.444749683231337656e+01,3.708218868788252820e+01,1.722374841615669538e+01,9.138812579192175178e+01,2.322374841615667262e-01,1.802858087455392555e+00,1.811531878272973906e+00,1.504566186747201328e+00,1.518416772256221181e+00,2.220446049250313081e-16
